qid,contradiction_rate
Q1,0.13333333333333333
Q10,0.0
Q2,0.0
Q3,0.0
Q4,0.0
Q5,0.0
Q6,0.0
Q7,0.0
Q8,0.0
Q9,0.3333333333333333
